id,culturally_distinct,language,cultural_distinction_explanation,vocaroo_link,image_link,transcription
1i2SnHCmqJDb,False,Unknown,,https://voca.ro/1i2SnHCmqJDb,https://raw.githubusercontent.com/JustinSQiu/image-captioning-mturk/master/filtered_images/000000020720.jpg,圖片中是一张桌子桌子上面放着一个电脑电脑上面有一后面有一个显示品上面写着推了的logo旁边放了一带红色的包装带包装带里面可能是咖啡所以这个说字上的物品一共有四件分别是一个硬盘电脑显示器和包装带上面的文字写的是推特包装带上没有写具体的标志他们都分别放在桌子上面也就在图片的中间或者偏右的位置值得注意的地方是他们在一个很荒暗的环境桌子上因为是前色的所以有一点反光它的背景我认为是一个办公室它的颜色和风格是偏黑暗偏暗淡的色调
1kXXrySwcggs,False,Unknown,,https://voca.ro/1kXXrySwcggs,https://raw.githubusercontent.com/JustinSQiu/image-captioning-mturk/master/filtered_images/000000036460.jpg,在途中我们可以看到是一个男人推这小推车小推车上面有很多相交后面还站着其他的人他们在一个铁栏桿面前后面还有其他的商贩和一些做程等待的人这里面一共有六个人其中有四五个大人一个小孩在后面的牌子上面换了一个热气球和一些标语推着相交的人站在图片的整中间后面有一些卖其他水果人他的旁边还有两个等待的人值得注意的是这些人看起来像拉美艺人他们在一个比较破旧的地方图片的左上角还有一辆汽车他们的背景是有很多其他人在卖东西后面还有一个广告牌他的风格是比较破旧的颜色是比较混暗的
12KZoLJIUIAa,False,Unknown,,https://voca.ro/12KZoLJIUIAa,https://raw.githubusercontent.com/JustinSQiu/image-captioning-mturk/master/filtered_images/000000020720.jpg, At first glance this appears to be like an empty office space. There is a table. There's just one table and the background is very dark. There is a computer with some tiny text on the screen that's not very readable. And there's a monitor behind that is completely black other than the word Twitter. To the left it appears to be like a bag of coffee or something else. On it it says ritual and there might be a USB there as well. And just a bunch of chords on the table. Some of the text says first day on the job. And the background there appears to be some sort of window with a screen that has a bunch of grid lines. So yeah some of the subtle details are pretty readable and noticeable like the details on the red bag and the tiny text on the screen but everything else is kind of hard to read since the rest of the image appears to be black.
1opsowKYeltT,False,Unknown,,https://voca.ro/1opsowKYeltT,https://raw.githubusercontent.com/JustinSQiu/image-captioning-mturk/master/filtered_images/000000072550.jpg,这个照片是一个黑白颜色的照片然后看到一辆很久的车拖着另外一个很久的车这个照片似乎在80年代的时候或者更早然后有一个男人在拖有两个男人似乎在修着一辆车或者把一辆车放在另外一个辆车上面然后这个大的台车在拖着另外一辆车里面上然后这个背景它是在一个乌子的前面然后有一些树在旁边然后似乎是冬天因为那些树都没有叶子了
182UBwjrJjtQ,True,Unknown,"Classic British station name, ""underground"", and double-decker red bus",https://voca.ro/182UBwjrJjtQ,https://raw.githubusercontent.com/JustinSQiu/image-captioning-mturk/master/filtered_images/000000017192.jpg," Here we could see the entrance to some sort of transportation node. In the immediate foreground, we have what appears to be text that labels a gate on top of the gate, but we are facing it from the opposite side so we cannot read what it says. Further along, there appears to be some sort of hub with many people walking underneath the hub. On the top of the hub, it says King's Cross, which appears to be a station name, as well as a double-decker red bus labeled 63 to the right. There's also a sign that says underground, which could signify that in addition to this being a bus stop, there is an underground bus. There's also a subway station underneath or alongside the station. In the background, there appears to be a similar hub that says something else, as well as several stores and pedestrian roads. There are many people underneath the awning because it appears like the building is sort of on top of the people. There's also a blue sign next to the underground sign where the blue sign perhaps gives additional information and has a picture of a bus."
14aY1sbMTLA1,False,Unknown,,https://voca.ro/14aY1sbMTLA1,https://raw.githubusercontent.com/JustinSQiu/image-captioning-mturk/master/filtered_images/000000093893.jpg,"这都是好多小玩具,有六个小熊,两个是前中色,两个是山中色,然后两个是灰色,在左边做三个,先是山中色,然后灰色,然后前中色,在右边是先是前中色,山中色,然后灰色,他们都在做在一个桌子上,就是一个木头的桌子,他们都在吃蛋糕,还是很跑胞,他不清楚,然后有三个小小狄子在中间可能是喝的,还是点的东西,然后在桌子底下就是玉草,他们都在做在一个木头的桌子上是中字的,然后我墙上都是白色,在后面没有什么东西。"
1n9NN8J1KeI5,False,Unknown,,https://voca.ro/1n9NN8J1KeI5,https://raw.githubusercontent.com/JustinSQiu/image-captioning-mturk/master/filtered_images/000000015354.jpg, This is just an image of a young woman reading in the park. She is sitting on a green bench with a maroon brownish bag with a plastic bag inside of it. She's wearing a blue dress that goes down to her knees and brown flip-flops. She has headphones on that are wired and looked around her ear. She has blue eyes and light brown hair. The book she's reading is white and she appears to be married because she's wearing a ring on her ring finger on her left hand and a black watch. In the background there is the base of a tree and a bunch of green foliage. So it's very clear that she's sitting at the park. There appears to be some sort of like lamp in the background as well and some holes and wires so we know it's like maybe the city or the suburbs.
18QPuuqnD5Wv,False,Unknown,,https://voca.ro/18QPuuqnD5Wv,https://raw.githubusercontent.com/JustinSQiu/image-captioning-mturk/master/filtered_images/000000093018.jpg,这个照片就是好多人在吃早饭做在桌子上在桌子上就是好多面包还有四个盘子还有七个杯子和四个五个小子和两个叉子和一个刀盘子都是白色然后在中间有个碗碗里就有很多不同的面包然后有好多小碗有不同的水果和别的东西有几个杯子还有两个人做在一个黄色的沙发上有个小盘在盘上写的是B-Winning Map
1bW1I04RPUSZ,False,Unknown,,https://voca.ro/1bW1I04RPUSZ,https://raw.githubusercontent.com/JustinSQiu/image-captioning-mturk/master/filtered_images/000000007856.jpg," This is a close image of a meal. The food appears to be on a blue plate. On the left we have some green and yellow diced vegetables. In the center we have some pieces of broccoli, two of the pieces are clear and the other pieces are a lot blurrier. To the right we have half of a piece of bread with some butter spread on top of it. On the bottom left we have some cooked meat that appears to either be like pork or turkey or something of the like, but it's slightly burnt around the edges. This is a close-up shot where all of the objects that are in the foreground are very clear but all of the objects in the back are very blurry. So in the foreground you can see the water and moisture on the plate whereas in the back you cannot."
17tE8dnpWN7I,False,Unknown,,https://voca.ro/17tE8dnpWN7I,https://raw.githubusercontent.com/JustinSQiu/image-captioning-mturk/master/filtered_images/000000091374.jpg," This is a living room with a couch and an armchair with a footrest in the corner. There is a very colorful rug with a table on it and some little trinket in the center of the table with four people. There's also a green book next to it. There is a bunch of wood paneled floors and all the walls are white. There are two windows with some curtains at the top. There's also a table in the further back and a cabinet to the left. There appears to be a strange black box, maybe a furnace with a black pipe leading up against a brick wall. There are three framed pictures that are hanging on the back wall. There's also a lamp shade and two candle holders that are on the back table. There are also some potted plants as decoration in the very back corner of the room."
17klvq04y5as,False,Unknown,,https://voca.ro/17klvq04y5as,https://raw.githubusercontent.com/JustinSQiu/image-captioning-mturk/master/filtered_images/000000002697.jpg," Picture in this image is two dishes. One is in the foreground, closer to the camera, which contains some sort of noodle dish, with the noodles themselves are brown, probably due to their seasoning. They have broccoli on them, as well as some carrots and some Chinese lettuce, and it's on a relatively large plate that has some decoration on the side that appears to be some sort of image of a braid on the outer rim of the plate. It is accompanied by a cup of tea with some sort of stirrer or spoon in it. On the opposite side of the wooden table, there is another plate that appears to have a similar dish except without broccoli. It is also a noodle dish, and it has a fork that is stuck up within the noodles, and potentially is held up by a hand that is out of frame. There also appears to be a person sitting outside on the other end of the table, who is mostly out of frame, as well as a Coca-Cola can, next to the other dish. Both of the dishes, there are utensils, a series of utensils that are wrapped by paper towels."
1hDmDQBk7E3U,False,Unknown,,https://voca.ro/1hDmDQBk7E3U,https://raw.githubusercontent.com/JustinSQiu/image-captioning-mturk/master/filtered_images/000000038753.jpg,在圖片中间的是一个黄头发的小男孩可能孩在拿东西放他的嘴里面放整个圖片应该是在厨房一个有一个小孩和桌上的食物这个圖片大概告诉我们的意思是这个小孩站在吃东西他的父母可能是正在后面做饭小孩站在圖片的正中间的位置值得注意的地方是他吃的东西可能是一个披萨上面会有魔姑片有红胶这样的东西他的父母在后面属厨房里面做其他的东西他的背景是在家里的厨房小孩衣服上写了红色的字和蓝色的字小孩正在低着头在吃东西他的风格的颜色是暖色料的这个主题是和家庭有关
16MUB55TSvlJ,False,Unknown,,https://voca.ro/16MUB55TSvlJ,https://raw.githubusercontent.com/JustinSQiu/image-captioning-mturk/master/filtered_images/000000089520.jpg,这张图片描绘是一个别墅的客厅的照片从方位上来看应该是一个人以腐视视角拍的 从上往下拍的他的客厅的场景这个图片里面有两个有一个大的长条的砂发和两个单独的小的砂发两个砂发中间有一个插级 插级上面摆了一个盘子然后插级的前方有一个放着一个台面 台面底下有一个有一条狗台面上面摆了一些杯子之类的容器还有相册之类的然后有三个窗户还有一个楼梯是应该是这个通往楼上的楼梯这个楼梯是个旋软楼梯拍摄者应该就是站在楼梯的角度去我从上往下拍的整体的风格就是这种显约的加级风格主要的颜色是黄色 一种暖黄的色调它还有一个落丽灯 这个灯的颜色也是一种暖黄的色调
1dkebDHGGeyc,False,Unknown,,https://voca.ro/1dkebDHGGeyc,https://raw.githubusercontent.com/JustinSQiu/image-captioning-mturk/master/filtered_images/000000043261.jpg," Shown in this image are a series of several dishes all in bowls or pans. The biggest pan contains some tomatoes with what appears to be some patties that are made out of a white substance, perhaps potatoes, covered with some brown toppings. Another dish that is to the right has some potato fries that seem thickly cut and perhaps baked that is in a blue bowl. In between them there's in a red pot there's some more finely minced green food in there and then on top of that there's the bowl in which the hand is grabbing food from which contains what looks like either coleslaw or alternatively some rag cap which is being cut up. There's also a bowl that contains some leafy greens which is a brighter shade of green. There are also four other forks that are scattered around the image. The image seems well lit in general. It's a top down to you and then there are several empty plates."
1hmJwlmNfUtw,False,Unknown,,https://voca.ro/1hmJwlmNfUtw,https://raw.githubusercontent.com/JustinSQiu/image-captioning-mturk/master/filtered_images/000000044140.jpg," This picture is a tennis player serving a ball. He or she, likely a she, appears to be in motion because there is some amount of motion more happening with regards to her arm as well as the racket. She appears to be in mid-jump as she's swinging her racket. The ball itself is either not in the frame or is hidden behind some other component of the picture. He or she is wearing tennis attire, including sneakers, white socks, white pants, and a white shirt, as well as his or her hair being within a bun, as well as another tennis ball within his or her pocket. It appears to be some sort of clay or hard surface or hard court with the typical blue and green solid colors as well as white lines. In the background, there is what appears to be either a referee, a umpire, or maybe a ball person wearing a red cap, red shirt, and tan pants, or gray pants, as well as a number of spectators. At least maybe, let's say, 30 spectators, some of which are paying attention to the game and taking photos."
1joKYusMKZqi,False,Unknown,,https://voca.ro/1joKYusMKZqi,https://raw.githubusercontent.com/JustinSQiu/image-captioning-mturk/master/filtered_images/000000056323.jpg,这个图片展示的是一个火车站台前的场景这里面有两个红色的火车在轨道上面形式火车的站台上站着一些行人他们应该是去做这个火车的然后火车旁边有这个黄色的这个进接线然后整体是这样一种风格普通没有显示文本位置主要是火车停在铁轨上人站在站台上在火车的左侧有一些人他们都是站在进红色的进接线外面的世界就是没有什么世界然后背景就是当天的这个天气比较的音比较的音乐不是那种情浪的一些整体就是一种比较暗的风格然后也是比较普速的风格颜色主要是灰色灰色的制度
1oS7Hd4hmuRp,False,Unknown,,https://voca.ro/1oS7Hd4hmuRp,https://raw.githubusercontent.com/JustinSQiu/image-captioning-mturk/master/filtered_images/000000063949.jpg,"這個照片是兩個男生在一個海灘上有,所以是兩個男生,有一個男生帶著帽子然後,他們帶著他們的衝浪板然後,他們在海灘上裡面有一些石頭然後,天氣很清浪然後,這個照片看起來滿暗的有很多黑色的影子天氣很清浪,然後天空是藍色的這兩個男生走在沙灘上"
1dwhNLqqjk2I,False,Unknown,,https://voca.ro/1dwhNLqqjk2I,https://raw.githubusercontent.com/JustinSQiu/image-captioning-mturk/master/filtered_images/000000066959.jpg," This is a picture of some specially designed rail cars that are transporting some trucks. These trucks appear to be part of the military as they are camouflaged green and darker green. There are also two workers in the foreground and two workers in the background that are all wearing high visibility orange, brio, jackets as well as construction hats or safety hats. They are also wearing camouflage pants indicating that they may be part of the military. And as a downcast day, this guy is somewhat bloop and also mostly grey. And the lighting is somewhat muted. The trucks stretch for as long as the eye can see. The train seems very long to match that. Next the train tracks seem to be accompanied with gravel on the ground as well as be in a relatively isolated place given that there are trees in the background as well. This seems like a German truck conflict because of the license plate. The license plate on the foreground says Y796H9 which could signify that it is an EU number and they also have German colors next to it. There is also a small detail. On the rear left and right hand corners there is a triangle with another triangle transcribed in it. For what that means."
197sHzww5A1e,False,Unknown,,https://voca.ro/197sHzww5A1e,https://raw.githubusercontent.com/JustinSQiu/image-captioning-mturk/master/filtered_images/000000075905.jpg, This is a group image of six different people with the camera focused on four of them. One of them is primarily in the background and blocked for the most part and there is one of them at the very right in front of any free one that is also very blurry. The girl on the left is dirty blonde and holding a glass of wine and smiling very largely. The man next to her is much older with white gray hair and he is also smiling. He is wearing a tux with a tie and glasses hanging from his neck. The guy next to him is much younger and much shorter than the girl I mentioned earlier. He is not smiling as much. He has very short hair and is wearing a zip up jacket. And the last girl that the camera is focused on is smiling a little bit. She is looking over her shoulder and is abruant. The background is yellow and has a picture cream.
17VK2HReIFnU,False,Unknown,,https://voca.ro/17VK2HReIFnU,https://raw.githubusercontent.com/JustinSQiu/image-captioning-mturk/master/filtered_images/000000000955.jpg," In this picture, there appears to be a storage area for some amount of boxes. The word Australia is printed several times, including on a poster on the wall next to these suitcases, as well as on a box itself. This actually, on second glance, appears to be a museum exhibit. In the foreground, there are a number of plaques that perhaps signify what each of these brief cases mean. There is one large red briefcase in the foreground. There are a number of smaller wooden ones next to it. One says E. Salkowice, Australia, as well as several brown and one dark blue suitcase slash box. There is also a more information framed on the left-hand upper side that says in search of a new home with boxes of hopes, memories, and dreams, as well as text that is too small to read. This could perhaps be some sort of museum exhibit dedicated to Australian immigration or some sort of Australian storage."
1hkUM64gxrCU,False,Unknown,,https://voca.ro/1hkUM64gxrCU,https://raw.githubusercontent.com/JustinSQiu/image-captioning-mturk/master/filtered_images/000000016432.jpg," This picture contains a close-up view of some sort of aircraft. Mounted on the Batelk Thesolage, there is a Canadian flag. The weather is relatively cloudy with a couple of blue sky poking through. The ground looks appears to be snowy. There doesn't seem to be much shown in the background besides a tree or two. Visible in the picture is one side of the airplane, close up to the Thesolage, with one wing, as well as one pair of wheels that are connected to each other. The plane appears to be either taxiing or landed as it's on the ground. The pictures be mostly clean except either some rust or stain marks on the white Thesolage. The Thesolage itself is mostly white with some blue and red stripes towards the top of the aircraft, as well as there being a door that's visible higher up within the Thesolage."
1gRPaVMnO3X9,True,Unknown,,https://voca.ro/1gRPaVMnO3X9,https://raw.githubusercontent.com/JustinSQiu/image-captioning-mturk/master/filtered_images/000000025172.jpg," This is an image of some food stuff. We see there is macaroni, green beans, broccoli, and some vegetables that are hard to distinguish. But it looks to be a cultural dish probably, something that you eat. There are one, two, three, four, five, six, five, six, five, six, five, six, five, six, about nine pieces of spaghetti, and about five or six, seven or eight pieces of, there's both the long green beans and the small green beans, and there's about five of the small ones and three of the large ones that are visible. But there's some plife that there's many more that are not visible in the image. The color of the image is very vibrant, and you can also see the plate on the background. And macaroni or the pasta is yellow and the broccoli and the green beans are obviously green, and then the other vegetables. One of them looks to be tomatoes, and either tomatoes or red peppers are red. And the image is positioned entirely in the center of the image."
18w9wVeykcAx,False,Unknown,,https://voca.ro/18w9wVeykcAx,https://raw.githubusercontent.com/JustinSQiu/image-captioning-mturk/master/filtered_images/000000018874.jpg," So this image at first glance seems like some sort of sanctuary or some sort of zoo with not see with giraffes in them. That took a while. It seems like there are at least four giraffes. There might be more in the background, but it's a low resolution, so I can't really tell. There might be at least five giraffes, actually. I don't think there's any text. There's one giraffe that's clearly in the foreground, a number of them, more in the medium ground background, as well as a tower in the background that's made out of wood. Some subtle details that are noticeable. I guess in the background there is a number of shrubs. It seems like a safari kind of background. In the background there is a lot of trees, actually, but also some sort of lower bound shrubs on a mountain. The snow and the color, the stream is pretty exposed to the actual photo. It just seems like a photo that's when we tuck at some point."
1jueEjPDIWdh,False,Unknown,,https://voca.ro/1jueEjPDIWdh,https://raw.githubusercontent.com/JustinSQiu/image-captioning-mturk/master/filtered_images/000000001155.jpg," Picture here is some kind of common area within a house. The four appears to be a rug or a carpet spinning the entire four. It's red. There also seems to be a number of sofas in the foreground. There's one with a four-all print and then there's one with a green print. There's also a four lamp besides some. It seems relatively cramped in the area as well. There's a shelf to the right-hand side. It is white. As well as to the left-hand side, there's a lower shelf, so I should cap in it. It has a sub-sort of audio player as well as a small lamp on top of the cabinet. There are also several objects that are hung on the wall separating the living room from what appears to be a dining room. The dining room is in the background and it has at least three wooden brown chairs as well as a wooden brown table. The things that are hung up include a number of plates that are perhaps commemorative as well as one painting and several either pictures, smaller pictures or paintings."
1aGrzvIUCrFy,False,Unknown,,https://voca.ro/1aGrzvIUCrFy,https://raw.githubusercontent.com/JustinSQiu/image-captioning-mturk/master/filtered_images/000000094084.jpg," The picture is a picture of a bowl of broccoli. The broccoli seems to be garnished with some sort of brown object, as well as some syllabus of perhaps garlic or onion. Behind the broccoli, the broccoli is within a bowl, and there also is some metallic utensil behind the broccoli. It could be either a fork or a spoon, but the point of the utensil is not shown within the picture. It is behind the broccoli. The bowl itself is on a background that seems to be stone for some sort of stone-colored surface. It appears to be rough in nature, and in the foreground there is a water mark, but the text that says up to 6olunely.com. The color seems to be pretty vibrant. The greens really pop out. There is a lot of brightness in the photo as well."
17HaBL8uOwfi,False,Unknown,,https://voca.ro/17HaBL8uOwfi,https://raw.githubusercontent.com/JustinSQiu/image-captioning-mturk/master/filtered_images/000000031796.jpg,这个照片里面有一些零食它好像是在一个餐桌上这个餐桌是红色的然后有一些有一个苹果然后有一个水果的水果的一个盘子然后也有一个小沙拉那个沙拉里面有西红式有一颗鸡蛋跟两个小饼干然后还有一个塑膠的盘子里面好像是一些糖果然后它还有一杯饮料那个饮料是凌猛味道的然后这个红色的桌子上似乎灯光很暗然后
1niLhr7c010M,False,Unknown,,https://voca.ro/1niLhr7c010M,https://raw.githubusercontent.com/JustinSQiu/image-captioning-mturk/master/filtered_images/000000022199.jpg,这张图展示的是两个人在高点店买蛋糕的画面图中有三个人一个是受货员是女的一个中年的女的还有两个顾客一个比较年轻的男的和一个比较年老的男的然后还有一些高点摆在这个櫃子里面有两个黄色的瑞士卷两个绿色的瑞士卷和三个中色的瑞士卷然后下面一排还有一些肉干的那种蛋黄酥养的东西然后还有两个袋子还有肉干的杯子摆在架子上没有显示文本方位主要是两个顾客是在櫃台的前面然后收货员女收货员站在櫃台的后面蛋糕摆在他们的旁边右手边然后说是右手边有个櫃子然后蛋糕摆在櫃子里面然后还有肉干的杯子一些什么气摆在他们整个背景后方的一个架子上面细节就是这里还有一个电视机还是什么的屏幕然后还有一个可以反光的镜子背景主要是整体的这个一个商店的背景整体风格就是比较和谐然后是清澀掉了主要是黄颜色
1g4p2OgNl0B4,False,Unknown,,https://voca.ro/1g4p2OgNl0B4,https://raw.githubusercontent.com/JustinSQiu/image-captioning-mturk/master/filtered_images/000000072550.jpg," The black and white image of a truck being towed, I think it's an older image because it's black and white and the style of the cars are very different. It definitely seems a little bit more old-timey. There are two cars, one that's being driven and one that's being towed and there are two men that are using a contraption to bring the second car onto the first car. There is some text that says, Hiner, US Tire Auto Service, Silvenny and so this is what's in the foreground in the back. There are more maybe white large white containers that might be trucks, might not be trucks and there is one of those and there's another white truck that says, Dolan on the left in the background. There are two buildings and this a lot of trees, maybe four trees that have no leaves on them."
15AbaUMnHa2C,False,Unknown,,https://voca.ro/15AbaUMnHa2C,https://raw.githubusercontent.com/JustinSQiu/image-captioning-mturk/master/filtered_images/000000042860.jpg," This is a vertical picture of a beach. In the foreground, we have a person standing on the steps that lead down to the beach. The steps go down a hill that is grassy, with a mixture of yellow and green grass as well as well as some sort of fence on the right-hand side. The person is holding something, perhaps taking a picture or throwing a ball or something like that. He or she is wearing brown pants and a light colored shirt. Then in the background, this guy is clear for the most part with a couple of clouds. There is the blue ocean, which has a couple of rippling waves as it crashes down to shore. Then two or three children, it appears standing in the sand. It seems like the sun is coming from the left-hand side of the picture, based on how the shadows are, based on how the shadows are laid out. It seems like a pretty normal beach. The picture is well lit, and the style seems pretty realistic."
1kiu1fJqHKr4,False,Unknown,,https://voca.ro/1kiu1fJqHKr4,https://raw.githubusercontent.com/JustinSQiu/image-captioning-mturk/master/filtered_images/000000065400.jpg,"这张土壳的是一个菜市场杂货市场的路天照片图中有一些香椒,有些其他水果像西洋市城市之类的水果然后有些人在买东西然后还有一些架子用来装这些货物,还有一条狗上面没有什么文本信息方位主要是水果像香椒西洋市之类的水果出台都是在房子内部然后人也是在这些货物旁边然后一些货物是在摆放在架子上然后还有一些电风扇挂在墙上狗属站在人的旁边世界上面还贴了这个墙上还贴了一种海包洋的东西还是广告洋的东西背景是一个比较老就比较迫就人种菜市场的背景整体风格就是比较简陋的风格颜色主要是深色调主要是比较暗淡的颜色"
1hOnpYXqfwmb,True,Unknown,,https://voca.ro/1hOnpYXqfwmb,https://raw.githubusercontent.com/JustinSQiu/image-captioning-mturk/master/filtered_images/000000067757.jpg,我一眼看到這個圖片上面是一條很寬敞的馬路馬路上什麼都沒有只有一輛只銀色的車還有一個廣告牌路上還有寫人走過的標誌還有紅綠燈牌子上面寫的是冰淇淋牌子在圖片的中間但是它在人性通道上面起說在馬路上它在圖中的左下角的位置其次我再看到的是幾個電線缸還有0.3的路燈路燈發出了微弱的光它的背景是一個非常深的夜晚路上沒有其他的別人顏色是非常深色的背景可以看出時間已經好晚了
14ZQO3axBcSL,False,Unknown,,https://voca.ro/14ZQO3axBcSL,https://raw.githubusercontent.com/JustinSQiu/image-captioning-mturk/master/filtered_images/000000074984.jpg,商图描绘的是一个雨雪天的雨雪浇渣的夜晚图中有一些草有一些路边的草已经被雨雪打的上面已经比较领乱了还没有一些白色的雪然后路面上也可以看出是点点滴地的这个雨水和白色的雪旁边有一个停着一个车子上面也被白雪覆盖了然后还有另外图的右侧有发了一点点微光应该是某一个车子或者是路灯发出来的这个图片没有设计到文字方位的话就是车子开在车子停在地上然后旁边有一些领满的草然后草的旁边有一些路灯发出来的光整体的这个风格是一个很黑很暗的一个夜晚的风格然后主要是主车掉是黑色
11KjEc7DyrFk,False,Unknown,,https://voca.ro/11KjEc7DyrFk,https://raw.githubusercontent.com/JustinSQiu/image-captioning-mturk/master/filtered_images/000000093971.jpg,这张图展示的应该是某个游乐园里面的一个就是儿童游艇的项目图中有一系列游艇一系列各种各样的游艇他们有的是汽车形状的有的是火车形状的有的是那种防污形状的它们还有一些封诊之类的像这种卡通人物里面的东西所以是显示给小孩子玩的然后这个壶的旁边还有一些台阶还有一些貌弥的树旁边应该是很貌弥的树林图中被没有什么文本相对方位也比较简单就是这些游艇是是停在这个壶面上目前是以在岸边然后岸边有很多预从的大树还有台阶这个整体的风格是非常自然非常大自然非常美的一个风格整体的色料就是绿色因为这个火和这个树都是绿色的
1c5AesdxTAT7,True,Unknown,,https://voca.ro/1c5AesdxTAT7,https://raw.githubusercontent.com/JustinSQiu/image-captioning-mturk/master/filtered_images/000000042868.jpg,这张土展示的是参桌上的一盘中式的盖椒饭这个盖椒饭就是中国的风格它里面有一些红烧的牛肉还有一些花菜还有一些土豆 胡萝卜还有一些清椒然后这个它是用绿色的盘子装的装在盘子放在一个木质的桌板上这个盘子右侧还搭着一个黑色的筷子这个图中并没有显示什么文本或者其他的细节主要就是展示这盘菜然后主要这个背景色就是这个桌板这个桌板是木质的所以是这种黄和色的木头的背景整体的风格就是没有什么特别的风格就是饭桌的风格很正常的那种饭桌的减约的风格盘子颜色是绿色的
1hCeO4cLnjls,False,Unknown,,https://voca.ro/1hCeO4cLnjls,https://raw.githubusercontent.com/JustinSQiu/image-captioning-mturk/master/filtered_images/000000038034.jpg,這個照片裡面有一個電腦是一個老師蘋果的電腦然後這個電腦裡面有很多張照片看不太清楚這個照片是什麼這個電腦是白色的 是蘋果的電腦然後有一個鍵盤 有一個滑鼠滑鼠 然後有一個ipod然後也有一個打印機這個照片大部分的東西都是白色的除了打印機之外還有一個文件夾 這個文件夾是灰色的然後這個書櫃上面好像還有一些小玩具所以有四個玩具然後玩具後面好像是一些書
14WVdOFnCODf,False,Unknown,,https://voca.ro/14WVdOFnCODf,https://raw.githubusercontent.com/JustinSQiu/image-captioning-mturk/master/filtered_images/000000005994.jpg, This is a vertical collage of a bunch of signs that all say Danforth Avenue. There are four pictures. The one on the very top is blue and rectangular with a white trim. The white sign is curved on the top and underneath Danforth Avenue it says 2563. Next we have another sign that appears to be outlined in black that says Danforth Avenue 2550. It's a rectangular shape except for a point on the top and a rectangle on the bottom. The third image is exactly the same as the one I just above except it says 2600. The last image is on a stone tile. It's also standing Danforth Avenue but without any number and it appears to be white on a black background with some sort of resin on top of it.
15H6VAqwFRdJ,False,Unknown,,https://voca.ro/15H6VAqwFRdJ,https://raw.githubusercontent.com/JustinSQiu/image-captioning-mturk/master/filtered_images/000000029466.jpg,这通图主要展示是一个孩子在雪地上滑雪的情景图片里面有一些松树有一个孩子带着手套和帽子还有雪地还有滑雪的用具同时没有什么文本方位主要是这个树是长在地上然后人也是站在雪地上手上带着手套 头上带着帽子拿着滑雪板谢谢主要是这些树的有一些树以及孩子的手上带手套它是红色的背景主要是这个点形的下雪天的背景整体风格就是看上是比较凝静然后比较寒冷的种冷色掉的感觉颜色主要是绿色和白色
1f1c5ylKi6Pm,False,Unknown,,https://voca.ro/1f1c5ylKi6Pm,https://raw.githubusercontent.com/JustinSQiu/image-captioning-mturk/master/filtered_images/000000089741.jpg,"在圖片中,我們可以看到這是一個很多人他們聚集在馬門中間有一個男士和一個女士他們共同舉著一個困狀的東西這位的其他人帶著紅色和藍色的帽子圖中的物體都是人大概有十個人左右圖中沒有一些文字說明但是圖中的女人和男人共同拿著棍他們站在中間後面的一些帶紅帽子的人正在比他們最近的位置後面還有很少的幾個但是帶著藍色帽子的人值得注意的是紅色的帽子帶紅色帽子的人比較多帶藍色帽子的人比較少舉著困狀物體的男士帶著眼鏡帶著昏届女士是金髮的頭上帶著髮恰耳上帶著耳環他們的背景是白色的大家都穿著白色的衣服帶著零件女士穿著白色的裙子"
1oUqeq0BDWYN,False,Unknown,,https://voca.ro/1oUqeq0BDWYN,https://raw.githubusercontent.com/JustinSQiu/image-captioning-mturk/master/filtered_images/000000077151.jpg, At first glance this just appears to be a picture of a very empty room. The person is taking it a picture of a wall and then there is another wall right behind it. The wall is beige color. The first wall in front has a light switch. It's a bit darker due to the light. And then there is a white trim. Behind that wall there is a corner and we can see some sort of door frame or something like that. It's a white door frame that's a bit lighter in color. And on the right side of the wall it's the lightest in color because that's where the light is coming from. So there is no text and there aren't really any other subtle details. It's just a very minimalist picture. It seems to be.
1o7RBCiaPiMN,False,Unknown,,https://voca.ro/1o7RBCiaPiMN,https://raw.githubusercontent.com/JustinSQiu/image-captioning-mturk/master/filtered_images/000000000690.jpg," This is an image of the road and we're standing on some concrete on the side of the road, but after a certain point it's all greenery. There are a lot of green, light green, yellow, orange and red trees, so it appears to be the fall time. There is one man on a motorcycle driving through the streets. On the left we see a lot more shade and dark colors on the trees and on the grass. On the right side we see a lot more yellow and dying grass. On the back there appears to be a lot more people probably similarly on motorcycles, but it is not too clear or identifiable."
169W2RIDOH0z,False,Unknown,,https://voca.ro/169W2RIDOH0z,https://raw.githubusercontent.com/JustinSQiu/image-captioning-mturk/master/filtered_images/000000073019.jpg,这张图展示就是厨房里面摆了一些书彩这种绿色书彩的照片图中有一把书彩里面有一部分的身材然后有大概两个西兰花以及还有一些其他的绿叶菜还有两个茄子然后这些书彩都是摆在桌子上面这个桌子的后方的墙壁上应该挂了一个那种厨房的刷子还有那种挂黄油的东西还有厨房的清理厨房的那个钢丝球应该挂在后方所以我判断这是一个厨房整体的风格就是绿色整体的色料是绿色的然后风格就是剪约的厨房风格厨房后面的墙壁背景是黄色的背景然后图中应该没有特别的方微信息或者说是文字
1anX9tk0YSJh,False,Unknown,,https://voca.ro/1anX9tk0YSJh,https://raw.githubusercontent.com/JustinSQiu/image-captioning-mturk/master/filtered_images/000000000164.jpg,这张图片展示是厨房那么个角落厨房右边的架子上我们摆了一些盘色和杯子主要是厨房用具然后后面的架子上摆了一个微波炉第一层的架子摆了一个微波炉然后上面摆了一些烤盘一样的东西然后也摆了一些餐具也摆了一些水壶之类的东西方位主要是盘色放在架子上然后各种餐具容器这些也都是放在对应的架子上然后微波炉是放在第一层的台面上然后进出还有一个椅子是在这个围档外面的世界世界就是这个灯它是它是相信在一个写的牆面上的它是能够照明的整体的背景是这种温馨的架子风格颜色主要是粉色掉像是那种女生的架子
14l68AsJ34cg,True,Unknown,,https://voca.ro/14l68AsJ34cg,https://raw.githubusercontent.com/JustinSQiu/image-captioning-mturk/master/filtered_images/000000070527.jpg,除中看起來是有很多美味的食物我第一眼看到的便是如此除中有三個盤子三四個碗碗中分別有醬還有麥片還有奶酪盤子中的食物有烤雞火腿這些東西一共有八個盤子邊上還有兩個杯子三個盤子在主要的對角線的位置然後盤散落反正散落在其他的位置其次我還看到了在圖片的最後面有一個人可能是他們一起在吃飯顏色是暖色調的因為盤中的肉是紅色的背景是黃色的看起來非常的好吃看起來非常豐盛都是分別分別醬和一些調料
1lxneO4h4ARo,False,Unknown,,https://voca.ro/1lxneO4h4ARo,https://raw.githubusercontent.com/JustinSQiu/image-captioning-mturk/master/filtered_images/000000062357.jpg,这张图片描述的是一个小鸟站在一个水面上水面上有很多的页子抵开有很多的页子这个水面像是一个角色的地的感觉图片中有一只鸟和很多的页子图片中没有显示文本然后方位就是鸟是站在这个水面的上方然后页子是飘在水面上世界主要是这个就是这个鸟站的位置好像是有一个就是有一个树装凸起来就是让它能够站在上面不掉下来背景主要是比较模糊的一种风格这个鸟比较清晰然后这个水面的水面有一种连衣的感觉水面的风格比较模糊整体的颜色主要是鸟是黑色的然后水面因为在这个落业的程头下是绿色的
18NbcF1tpl2q,False,Unknown,,https://voca.ro/18NbcF1tpl2q,https://raw.githubusercontent.com/JustinSQiu/image-captioning-mturk/master/filtered_images/000000020904.jpg,我这张图描绘的是一个雨天 外面路天的场景这里面有一些物体首先是有些人打着散走在地上还有一些 已经 汁干已经凸掉了数然后马路上有一些车子车子旁边还有一些比较矮的房屋图都没有显示文本然后方位的话人是趁着散站在地上然后他们离这个马路非常近马路上面开着挺那些黑色和白色的车子车子旁边就是各种各种各样的房屋然后还有一些树然后在他们的圣场上还有一个电线世界就是上面有一根寮细的电线那种寮细上面挂着一个物品这个物品看得不是很清楚背景主要是一种相圣相存的那种背景房屋并不是很高但是有很多房屋整体的风格就是一种前铺 凝静的风格颜色主要是深色屌 深灰色然后树也主要是黑色再这张图片里面
1iAT30KSLSnt,False,Unknown,,https://voca.ro/1iAT30KSLSnt,https://raw.githubusercontent.com/JustinSQiu/image-captioning-mturk/master/filtered_images/000000045131.jpg, This is an image of a bedroom with green wallpaper and greenish bluish doors that appear to be very aged. There are three window of three picture frames on the back wall that have beige orange pictures. There are two large beds that are both white with a dark green pillow in the center. On either side of the beds are a white ninth sand that is covered with a white cloth with a small white lamp on top of the table. There is also an ornate chair that has a grayish greenish color to it and a white trim. And in the bottom corner you can see a white counter with a remote on it and on the right wall there appears to be a mirror.
11fVFZU9FBzL,False,Unknown,,https://voca.ro/11fVFZU9FBzL,https://raw.githubusercontent.com/JustinSQiu/image-captioning-mturk/master/filtered_images/000000018802.jpg,圖片展示的是一个厨房的照片里面有一道门然后我们上有一个脑中有一个中然后有一个微波炉有一个造台有一个水泳头有一个吸收池还有弱干的放餐具的杯子圖片都应该没有文本形式然后方位的话是有一个时钟在门的上面然后门旁边还有一个门在上面的木头柜子里面相信着一个微波炉的正下方是造台造台的右手边是水泳头水池然后水池的台面上有一些百餐具的一些东西然后细节就是门的下面的部位有一个狗背景主要就是一个厨房的布置整体的风格就是加剧的减浮了加剧的风格颜色主要是木头的颜色一支就黄色
1bGM4kESxzII,False,Unknown,,https://voca.ro/1bGM4kESxzII,https://raw.githubusercontent.com/JustinSQiu/image-captioning-mturk/master/filtered_images/000000010388.jpg,"這個照片裡面是在一個棒丸的湖上,然後有一個人,他的Bing拍照有他的Bing,然後他Bing是黑色的然後遠遠有一個一戶人家,他的燈光是開的他在這個湖上裡面,什麼人都沒有然後有一艘船,他現在就站在一個木板上然後燈似乎這個有一點棒丸,或者凌晨早上燈太陽還沒有完全出來的時候,或者沒有完全落下的時候然後這個湖上面就照亮著一些樹跟山的影子"
17nk58ipwriB,True,Unknown,,https://voca.ro/17nk58ipwriB,https://raw.githubusercontent.com/JustinSQiu/image-captioning-mturk/master/filtered_images/000000069750.jpg,"这个照片有很多柜子,木头柜子在白墙上,每一个柜子放着很多网儿,有一些大,有一些小。一个柜子在最上面的柜子,看着像放着很多,大,铁的盘子,另一个架子在右边,看着像放着几个锅,上面是坚坚的,还有一个柜子,柜子在上面,看着像有一些东西要摸什么东西的。"
16SJYfUe8Xji,False,Unknown,,https://voca.ro/16SJYfUe8Xji,https://raw.githubusercontent.com/JustinSQiu/image-captioning-mturk/master/filtered_images/000000070868.jpg,在圖片中是一个很大的柱子上面有红驴灯上面还有一个飞机它应该是在飞机场准备起飞上面还有一个飞行员一个地秦在帮助指挥左边是有一个人他可能是在给飞机照相所以一共有两个人一个飞机这个圖片大概告诉我们的事情是一个人在一个地秦在飞机场指挥飞机一个飞机将要起飞或者即将已经起飞又没有一个人在照相飞机在圖片的正中间地秦在圖片的左下角照相的人在圖片的右下角我可以看到飞机是刚刚离开地面周围是有山天界非常清冷天是蓝色的圖片中有一些红白剑隔的石块所为障碍它应该是在一个比较偏远地方的飞机场它的颜色是冷色掉的风格是就像普通的飞机场一样
15Y16lTSXtiI,False,Unknown,,https://voca.ro/15Y16lTSXtiI,https://raw.githubusercontent.com/JustinSQiu/image-captioning-mturk/master/filtered_images/000000043171.jpg,这里展示两张图片应该是同一个家里面不同房间的场景左边这张照片展示的是应该是预示的场景里面有个预缸预缸上面摆了一些花拌然后还有一个软的沙发然后预缸上面的窗户旁边挂了一个毛巾然后右侧的墙上也挂了一些预巾用挂钩挂了一些预巾然后那个预缸旁边的台面上有一个镜色右侧展示的应该是客厅吃饭的地方餐厅的场景有一个方形的餐桌餐桌之外为了四个意思餐桌上面摆了一些碗然后上面还有一些餐桌上方有一个玄怪海的灯餐桌下方有一个钩这个整体的风格就是一个很简约风格的一个加纸风格真正的颜色主要是一白色的纹树
18OyiwVoZiwH,False,Unknown,,https://voca.ro/18OyiwVoZiwH,https://raw.githubusercontent.com/JustinSQiu/image-captioning-mturk/master/filtered_images/000000016112.jpg," This picture shows an elephant. It looks like a relatively small elephant, so perhaps a baby or a very young elephant. It's black and white. It appears some maybe have been scanned based on the black bars on the side as well as the configurations. On the left-hand side, there is a house as well as someone in front of the house sitting on some rocks looking onto the elephant. The elephant appears to have a black, large bottle in its mouth, perhaps placed by the person standing on the right-hand side. Person on the right-hand side is partially off-is-gated by being out of frame, but we could sell see certain parts of his uniform. His or her uniform. The elephant doesn't necessarily look distressed, but perhaps a little unnatural with the bottle in their mouth. In the background, there is a house on the left-hand side, which appears to be white, but it's just a white color, considering that the photo is black and white. On the right side of the background, there is a large tree as well as, it looks like an awning or some sort of umbrella to shade from the sun."
14FjfKUplMuK,False,Unknown,,https://voca.ro/14FjfKUplMuK,https://raw.githubusercontent.com/JustinSQiu/image-captioning-mturk/master/filtered_images/000000003236.jpg," In this image, there are a number of people, a number of people who seem like they are older. There are eight people. Most of them are sitting down with the exception of one person in the center who is standing up. He appears to be holding a glass and the people are looking towards the standing up person. And in the other hand, he appears to be holding some sort of bottle, which could signify that he's giving a toast. They appear to be in a relatively ornate living room of sorts with a red cabinet on the left hand side with some gold trim, as well as a painting on the right hand side over an inactive fireplace. At the center of the room, there is a load table that appears to be made out of wood. It has several plates and napkins on it, as well as some drinks scattered around the room. They appear to be talking to each other and just drink to each other. There are four women, as well as four men. And the woman and men are roughly sitting next to each other as couples. The room is relatively well lit, and there is also an open door with an open curtain at the in the background of the image, as well as you can see another building in the background through the door."
1hK0ifsQ5kGm,False,Unknown,,https://voca.ro/1hK0ifsQ5kGm,https://raw.githubusercontent.com/JustinSQiu/image-captioning-mturk/master/filtered_images/000000064335.jpg," In this picture, there is a person who is skiing and posing for the picture. On the ground, there is Siddhal, and behind the person, there appears to be a mountain with a moderate slope. There are trees surrounding the person, especially in the background, but also next to the person. They seem to be either green or brown, and are for the most part not covered with snow themselves. We can see that the person likely skied in from the foreground where the photographer is standing, because there are skied, tracks leading up from the person to the immediate foreground. The sky is blue, for the most part, with one line or streak of clouds, which could signify it that a plane passed by recently. There is also a slight shadow on the person, which signifies that there could be a large tree to the right off screen or off the frame."
1291WbOcOpfy,True,Unknown,The image looks to be culturally distinct.,https://voca.ro/1291WbOcOpfy,https://raw.githubusercontent.com/JustinSQiu/image-captioning-mturk/master/filtered_images/000000076276.jpg," The image looks to be of two dogs or a patio. The main focus of the image are the two dogs. They're both medium to large sized dogs. One in the front is white and the one in the back is black. The one in the front is standing directly on a couple bricks. There are six bricks in the foreground of the picture. They're red bricks. While the one in the back is standing on a set of stairs, there's four stairs and they're about a light blue color. Now, they're both situated at the entrance of a house. It looks like perhaps on the patio. There's a fence to the right of thumb and to the bottom is grass that is green and also some dirt that is brown. The house is painted a dark blue or turquoise color and they has a white door with at least six window divided into at least six parts and also a white stairs supporting it."
1k2l6UunfSP1,False,Unknown,,https://voca.ro/1k2l6UunfSP1,https://raw.githubusercontent.com/JustinSQiu/image-captioning-mturk/master/filtered_images/000000012895.jpg,这是一张场景路的照片图中有一个场景路然后有两到三颗树还有一个房子还有一个还有一排蓝干图中没有显示文本方位是场景路在树的前方然后三颗树是并排并排放置的然后树的后方有一个房子房子的物严通过树可以看得出来然后世界主要是这个就是树树房子之间有这个围栏档着背景主要是就是常规的那种房屋的背景整体风格是一个比较清新比较自然比较艰浮的风格颜色主要是绿色和场景路的颜色中色
1iyIJuEUTRnQ,True,Unknown,,https://voca.ro/1iyIJuEUTRnQ,https://raw.githubusercontent.com/JustinSQiu/image-captioning-mturk/master/filtered_images/000000053267.jpg,这是一张黑白照片展示的一个老人一个比较年老的人在一个中表电展是他的一个摄影作品的清净图中有四个数字的中表挂在墙上有一个老人一张照片还有一个比较大的中图中没有显示文本主要方位是有些表示挂在墙壁上还有一个窗簾是贴在墙壁上墙壁上还贴了一个指致物品然后立写的中式立在更厚房展示照片是拿在老人的手上老人是站在比较前面的位置世界是这张照片里面有两个人其中一个黑衣服的人在拿手去摸底还的一个照片里的中整体背景是黑暗的背景应该是黑白的照片然后颜色也都是黑白的
13xRSTfa6984,False,Unknown,,https://voca.ro/13xRSTfa6984,https://raw.githubusercontent.com/JustinSQiu/image-captioning-mturk/master/filtered_images/000000080131.jpg,商图展示是应该是几个好友在家里去餐的情景图中有至少三个人然后他们是住在一起吃饭然后后面还有几瓶酒然后后面是这个厨房的背景有一个西游院机 有一个锅 有一个烤盘还有一些柜子还有一个袭击 是家里的家区的背景没有文本 位置桌是几个人站在这张照片的前面在弹效然后他们的后房就是摆放了一些家具用品比如说袭击 造台 烤箱 柜子然后台面上就摆着一些酒 还有一些锅 还有这种气然后后面里面还有一个灯这个画面的背景就是家里厨房的背景整体风格就是比较温馨 欢快了一个氛围颜色主要是櫃子是木头色的然后照台这些就是黑色的然后画面里面这个男性穿的是一个彩色的衣服 然后女性穿的是黑色的衣服女人的头发是黄色的
1dVzhXBZBmgx,True,Unknown,,https://voca.ro/1dVzhXBZBmgx,https://raw.githubusercontent.com/JustinSQiu/image-captioning-mturk/master/filtered_images/000000005758.jpg,这张图展示的是一个欧美风格的一种建筑的照片这是一座贺色的建筑建筑中心有一个中表中表只是时间大概是5.50这个建筑最常方有一个数人的像是挂国习的一个东西有建筑非常地华历然后物体主要是这个建筑没有什么其他物体也不是那样的相对的位置你没有文本然后世界主要是建筑它有很多的建筑细节比如说有些弯曲的像拱门样的结构还有上方纸巢天空的结构以及它中表像现在正中心然后它的风格是就是一种欧美的风格像是那种欧美国来的建筑然后背景是蓝色的是纯蓝色的应该是当时天气比较的情浪比较的当时天气比较好应该是蓝天的背景
1jjOiv7MRkxr,True,Unknown,Candles in the background table could be a Menorah of a Judaic tradition or perhaps some other traditional item.,https://voca.ro/1jjOiv7MRkxr,https://raw.githubusercontent.com/JustinSQiu/image-captioning-mturk/master/filtered_images/000000053037.jpg," So this image seems like a typical living room or something along those lines. Probably an open-for concept with, you can see the kitchen in the back as well. There are a couple of objects. There is one sofa. There is one lamp. There are a couple, maybe four paintings hung up on the walls. There are two throw pillows on the sofa as well as numerous kitchen appliances in the background. I don't think there is any text in the picture as far as I'm aware. There are, so the living room objects are in the foreground. The couch specifically is up front, followed by the walls are in the background with the portraits being in the background as well as the kitchen being in the background. Some subtle details being noticeable. So there is a laptop that I missed. There is a table or some sort of, either a table or some sort of washing board in between the kitchen and the living room that has a laptop on it. My guess is that it's just a table. There is also some candles on it. It looks like a number of candles. It could be for a religious thing. I'm not sure. In the background there's the kitchen and then the style and color is relatively muted. It's not that sort of dimly lit except the light on the left hand side. But otherwise it seems like a pretty normal house."
19uZBU1s7qzO,False,Unknown,,https://voca.ro/19uZBU1s7qzO,https://raw.githubusercontent.com/JustinSQiu/image-captioning-mturk/master/filtered_images/000000034915.jpg, This is an image of a French that is open but the freezer door is shut and so there are three different layers with two drawers on the bottom and on the door there are four more places in shelves with one larger shelf on the bottom as a fifth one. On the right there is a carton of bags in the top right on the second layer on the left there is an open yellow bag with a green bottle and on the right there is cumber de gret carton with some other white condiment and on the bottom it says the same brand but in red as I just said before with Puleva Casio. There are a lot of fresh fruits and vegetables in the actual fridge and on the top row there appear to be a lot of condiments like arrowñrrngriarchle
16Y9NTpJD6e4,False,Unknown,,https://voca.ro/16Y9NTpJD6e4,https://raw.githubusercontent.com/JustinSQiu/image-captioning-mturk/master/filtered_images/000000079472.jpg," Here we see what appears to be a home office. On the left hand side, on top of a wooden desk that appears to be in a shape and straddle the corner of a room, we see several large objects including what is probably a printer or a scanner. In the middle, we have a laptop which seems fairly antiquated by 2020 standards, as well as a mouse, some sort of DVD player, as well as an Errant DVD next to the player, as well as an additional screen. Both screens, both on the laptop and the additional screen, seem to be open and displaying content. One of them seems to be a web page while the other seems to be some sort of photo. Behind the laptop, there are additional media players as well as a phone, as well as a desk light that is pointed upwards and to the right. There is additionally some plastic dinosaur figurines that are situated on top of the players. To the left, we have what appears to be a heater, as well as an open window where the blinds are not closed. And there appears to be grass outside and the building in which the scene is situated in is apparently made out of brick or some sort of stone material."
1fAqbVbLKyGJ,False,Unknown,,https://voca.ro/1fAqbVbLKyGJ,https://raw.githubusercontent.com/JustinSQiu/image-captioning-mturk/master/filtered_images/000000071684.jpg," This is an image of pizza before it's baked and appears. There is a marble countertop that is barely seen at the very top of the image and on top is a black pan that has the pizza on it. The pizza has a lot of raw vegetables like mushrooms, cheese, and a variety of other leafy greens. An underneath is a very pale reddish color with a bunch of other spices. And all of the vegetables are in concentric circles on top of the pizza. The pizza dough is a beige, darkish beige color and also appears to be pretty flat. There doesn't seem to be any crust and there's no text."
1ga0jZoXv3oJ,False,Unknown,,https://voca.ro/1ga0jZoXv3oJ,https://raw.githubusercontent.com/JustinSQiu/image-captioning-mturk/master/filtered_images/000000070527.jpg," Picture in here is food. It appears to be, there is a central plate with utensils including a fork on it and it appears to be partially eaten already. Surrounding this plate are other plates of food which are not necessarily partially eaten, including something that looks like a bowl of yogurt or some other white dressing, a very overflowing bowl of some brown viscuous substance, maybe hummus or something like that. A medium sized bowl with some sort of yellow round objects, maybe potatoes, as well as multiple other dishes that contain what appears to be the same dish as the main dish. It's all on a surface, probably a table that is brown. It looks somewhat like brown paper for instance. In the background, there are also two classes. There is a water glass to the left and a wine glass to the right that contains what appears to be white wine. There's also the midsection of a person in the upper right hand corner but we cannot see the full person. We can also see that the person is sitting in some sort of planked chair where the back is made out of distinct planks."
1gA8uees3xol,True,Unknown,,https://voca.ro/1gA8uees3xol,https://raw.githubusercontent.com/JustinSQiu/image-captioning-mturk/master/filtered_images/000000040037.jpg,这张图展示的是一个建筑这个建筑还是比较有特色的它像一种专瓦构成的建筑像一个成强然后这个成强它这个中心是相信着一个中央的东西然后上方比较高的成强它是有个绿原色的远坠型的这个顶红只像天空旁边还有一个比较矮的房子应该是也是用同样材质建成的这个房子它下方有些就是员工装的一些门工门然后还有一些摆测的窗户然后这个成强的底下它应该是个府市市角底下是马路上面有一些游客然后可以看出远处还有一个球型的半球型的建筑谁应该是一个旅游景点然后整体的风格就是比较古谷要像那种古代历史一级的那种风格应该是一种历史名圣古迹的感觉
1cJVHsqzsDRu,False,Unknown,,https://voca.ro/1cJVHsqzsDRu,https://raw.githubusercontent.com/JustinSQiu/image-captioning-mturk/master/filtered_images/000000039864.jpg,姜徒展示是一头奶牛的照片土中有一头牛然后有旁边有一根树干还有一片草地我中没有纹本方位是这个牛它是以在树干旁边它的身体一部分被树干挡住了一部分漏了出来它站在一个草地上一片草地上它的前脚主要是土没有草然后它右边有一些比较矮的那种树世界主要是这里面这个草地有一部分是油草的然后它前面这一部分应该是挨着树了是主要是土背景是大自然的背景身体风格是一种甜源风格颜色主要是绿色以及奶牛它身上是宗色和白侧香荐的颜色
19jp8eAkpZT7,False,Unknown,,https://voca.ro/19jp8eAkpZT7,https://raw.githubusercontent.com/JustinSQiu/image-captioning-mturk/master/filtered_images/000000027151.jpg," At first glance this appears to be some sort of establishment, maybe like a vintage store, something like that. The objects, there's a clock at the very front. There are two clocks that I can see. There are three shells on the left shelf cabinet and it has a bunch of small trinkets and objects. In the back there appears to be a room that has a much picture frames and some chairs and tables. There appear to be cameras and the ceilings and there's a room on the right that is also pretty hard to see but seems to be pretty cluttered. There doesn't seem to be any text. The image is just peering into a hallway where on the left we have the shelves and the foreground kind of. On the right is a wall with a window with a grid pattern and you can peer into the room on the right through this window. Then there appears to be a chair or a coat rack or mannequin of some sort. Before at the end of the hallway we see another room with a bunch of picture frames."
1oAoUOOYAx43,False,Unknown,,https://voca.ro/1oAoUOOYAx43,https://raw.githubusercontent.com/JustinSQiu/image-captioning-mturk/master/filtered_images/000000078604.jpg, This is an image of a man skiing in the middle of some like mountains or like four sea areas. There are three men and one of the men are carrying two ski poles and he's in a ski suit and there are probably around 30 fences. It doesn't appear that there's any text in the image. The positions of the objects so there's one man in the foreground then there are two men in the background one is a bit further than the others. There is a background in the along the horizon of just trees and mountains and there is a fence at the second man. The subtle details are pretty noticeable. You can see the design and specific text on the ski suit and the different colors and different symbols on them. There are quite a few fencing areas that you can see pretty clearly. And the background is just a blue sky and some trees and the style is just a very normal picture with like bright colors.
13BEY3oJVSDI,False,Unknown,,https://voca.ro/13BEY3oJVSDI,https://raw.githubusercontent.com/JustinSQiu/image-captioning-mturk/master/filtered_images/000000019546.jpg,這個是別人的家裡然後這個裝修是都是木頭的裝修這個照片拍著是人家的廚房廚房非常乾淨然後這個廚房有一個桌子跟三個椅子然後它都是咖啡色的木頭然後它有兩斬燈在廚房裡面還有一斬在桌子在吃飯桌子的上面然後這個這個廚房也有一個烤土石面包的機器然後也有一個做咖啡的機器
1nbwdjsdzrh8,False,Unknown,,https://voca.ro/1nbwdjsdzrh8,https://raw.githubusercontent.com/JustinSQiu/image-captioning-mturk/master/filtered_images/000000002640.jpg," This is an image of a train driving on a train track. The train is white and gray with a red stripe along it. There appear to be six different cars attached to the train. Underneath is a very well maintained lawn of green grass. In the background, there are lots of cream colored and white buildings. There are three sets of white buildings that have the numbers 483, 477. And the last one appears to be 479, but it's a little less distinguishable. There is a bunch of green trees to the right of the train. And underneath the train, there also appears to be two small house-like structures that are red with black roofs. And there might be some water in the background as well."
1ncfguhGsX3f,False,Unknown,,https://voca.ro/1ncfguhGsX3f,https://raw.githubusercontent.com/JustinSQiu/image-captioning-mturk/master/filtered_images/000000013731.jpg," Shown here is a spread of different kinds of fruit. In the foreground we have a sliced mango, sliced into a hash or a square shape. We then have some, what looks like, more mangoes, still whole and in their original packaging. We then have, what looks like, cut strawberries and a bushel of bananas as well as some sort of chopped up or basically a mixture of fruit. In addition, beside the mango on the cutting board is a knife as well as some electronic object that is partially off-screen. The scene is well lit with a couple of shadows but mostly lit. It looks like a normal photo. No normal well-fledged exposure."
1aBhll2qsZW3,True,Unknown,Potential sartorial sticker on traffic sign related to political? poster below it.,https://voca.ro/1aBhll2qsZW3,https://raw.githubusercontent.com/JustinSQiu/image-captioning-mturk/master/filtered_images/000000091372.jpg," The picture depicts some sort of arch. The arch appears to be made out of brick. With red brick being used towards the interior, as well as stone brick being used towards the foreground of the picture. There is also a traffic sign that is red with a white horizontal line through it. There appears to be a sticker attached to it that is an upside down picture of an upside down picture of the bottom half of someone wearing shorts and socks but not including feet. There also seems to be some sort of poster of a middle aged lady with white hair below the traffic sign. The poster and the sticker could be related but not certainly so. On the foreground, there is also a traffic pole. It is a red and yellow pole that perhaps signifies that traffic cannot go within the arch. The interior of the arch is perhaps for pedestrian use or maybe a motorcycle given that does not seem wide enough to support a car for instance."
1cUAWl7u1ShL,False,Unknown,,https://voca.ro/1cUAWl7u1ShL,https://raw.githubusercontent.com/JustinSQiu/image-captioning-mturk/master/filtered_images/000000038049.jpg, This picture is one of a person snowboarding down a slope. The person is wearing winter clothing. It appears to be a man and he is snowboarding in the right words and down and towards the camera direction. It appears to be a clear day though the sun is either setting or it's either morning or afternoon. It's not midday when the sun is up. In the background there are additional mountains that are partially covered with snow and partially covered with rocks. The man is smiling. He has a mustache as well as sunglasses as well as a North Face sleeveless jacket. He's also wearing ski pants. He appears to be having a good time. He is also wearing gloves and is looking down feel to where he is snowboarding presumably. So he is likely in motion as well. There is some amount of blood swear because the sun is shining into the camera so away from the person. The person is somewhat facing the camera but is also looking to the right of the camera where he is pointed at.
1fUXgWbJCSHq,False,Unknown,,https://voca.ro/1fUXgWbJCSHq,https://raw.githubusercontent.com/JustinSQiu/image-captioning-mturk/master/filtered_images/000000002451.jpg,这张图片展示了上下左右四组毛荣玩具的照片四个照片展示应该是同一个毛荣玩具就是一个黄色的毛荣的小熊这个小熊带着一个黑色的领解四张照片是不同的风格第一张照片是把一个小熊在床上然后上面摆满了显示了很多红色的爱心第二张照片主要是显示了一些像是葵或者是一些玫瑰一些各种颜色的花朵第三张照片主要显示了一些糖果除了这个小熊而且是一些糖果这四张照片显示一些新型这四张照片可以看出就是从不同一张照片经过了一些修图、一些美颜加工的经过了这些加工不同但是原始图片应该是同样应该是一样的面前展示是同样的东西背景应该是家里边床的背景整体风格就是一种可爱的风格然后整体色料就是黄色
1aKw82ehfdTs,False,Unknown,,https://voca.ro/1aKw82ehfdTs,https://raw.githubusercontent.com/JustinSQiu/image-captioning-mturk/master/filtered_images/000000079754.jpg,这个照片里你可以看到这个有一个老奶奶它在放取奇在一个盘子里面有一个老奶奶然后你可以看到一二七个取奇并干然后它手里也拿着一个取奇并干然后照片里面有两个热水湖 烧水湖然后它在一个厨房里面厨房洗手盆里面有很多用完的盘子跟锅子然后这个老奶奶穿着蓝色的背心家里面有一间白色的衣服然后这个老奶奶似乎在它也带了一个眼镜然后它在厨房里面
1fhhfygHaG03,False,Unknown,,https://voca.ro/1fhhfygHaG03,https://raw.githubusercontent.com/JustinSQiu/image-captioning-mturk/master/filtered_images/000000029405.jpg," This is a room that appears to be part of a very nice hotel. It is a yellow on the ceiling and along the walls and on the ceiling there is a circular mirror with four smaller circles around it and the mirror is partitioned with a circle and four sections around it. The mirror is also framed by white trim with yellow balls on top which is also framed by more white trim. There are two tables in one desk and two couches. The rug is a checkered sort of pattern and the entire room is very yellow, red and white themed. Around the table on the right are four brown chairs. There is a countertop with two more or neat chairs and a kitchen and some rooms in the back with more mirrors and framed pictures."
1lLz3iPo10qe,False,Unknown,,https://voca.ro/1lLz3iPo10qe,https://raw.githubusercontent.com/JustinSQiu/image-captioning-mturk/master/filtered_images/000000038823.jpg,這個照片裡面有很多花跟很多草這邊花可能有這應該是人家的花園然後這個花園是掛在人家的牆上面花都閃落在整個照片裡面然後還有一個像洗手盆的地方放花跟草好像是白天這個照片是在白天然後這個照片是黑白顏色
12PW3Z2TeOtB,False,Unknown,,https://voca.ro/12PW3Z2TeOtB,https://raw.githubusercontent.com/JustinSQiu/image-captioning-mturk/master/filtered_images/000000055618.jpg," This picture appears to be several ladies who are all reaching into their packs to pay for a parking meter. There are three women standing in front of a parking meter. It says two hours parking on it for some days, as well as no parking on other days. They're standing in a parking lot next to a number of parking spots in which they have potential parked in. They're reaching into the person in order to get presumably in order to pay for the parking meter. In the background, there are more parking lots, than as well as more parking meters and parking signs, as well as a number of trees that look like palm trees. There's also a FedEx truck in the background as well as a UPS store and some other store that we do not know its name most. They're standing, it is bright daylight outside, looks like blue skies, relatively queer skies. And on the background on the left there's also another building with a blue awning that we also do not know what it is. It looks like the parking meter is located on the sidewalk next to the parking lot as well."
1e5dUJa4ziZE,False,Unknown,,https://voca.ro/1e5dUJa4ziZE,https://raw.githubusercontent.com/JustinSQiu/image-captioning-mturk/master/filtered_images/000000002191.jpg,这一看就是一个很年轻的女生她现在穿的衣服就是很紧的黑衣服因为她在游泳还是在玩儿在水里她现在在海里站着海里的水特别难和白色有好多东西和运输和不同的东西在后面然后天就是很前的蓝色挺空空的没有云她现在在下还是动还是什么呢现在没有在这个照片上在后面就有挺黑的 预色的小树和什么的
1b9IeNwzpnQg,False,Unknown,,https://voca.ro/1b9IeNwzpnQg,https://raw.githubusercontent.com/JustinSQiu/image-captioning-mturk/master/filtered_images/000000011825.jpg," This is an image of a dark brown horse that appears to be pretty small with very, very long frizzy mane. The mane is a lighter brown and there are two bars that are acting as a fence and the horse is putting its head through the two bars. The floor is covered in hay, so the foreground and background are entirely hay. To the right of this horse is another horse's neck that is bent down with similarly colored mane and some similarly colored coach. The ground is more of a light beige that is yellowish in color and the metal bars are similarly colored to the horses."
15AeQNNfx2NR,False,Unknown,,https://voca.ro/15AeQNNfx2NR,https://raw.githubusercontent.com/JustinSQiu/image-captioning-mturk/master/filtered_images/000000054618.jpg," Depicted here is a black and white picture of a railway. The photo appears to be taken from a train while the photographer is either on the train or the camera is simply mounted on the train. The depicted is both the train that the photographer is on as well as another train opposite of the opposite track, going potentially the other way on the left-hand side of the screen. The other train appears to be an oil tanker and in the background besides the tracks, there are also power lines but to cover both power the trains themselves as well as potentially other objects. It's black and white. It appears to be a real photo. There is a little bit of motion board in the foreground especially for the ground and the tracks that are near by the photographer. In the foreground you can also see the train that the camera is on. It appears to be some sort of door that the camera is hanging out of or some window. The train itself appears to be made of some sort of metallic substance."
1kiMQlpXrFAs,False,Unknown,,https://voca.ro/1kiMQlpXrFAs,https://raw.githubusercontent.com/JustinSQiu/image-captioning-mturk/master/filtered_images/000000057919.jpg," This image is a picture of a road and so there seems to be a number of banners and white poles on the road. Roughly two banners per white pole. There is a big sign with an LED billboard and it says something play stadium. I'm not sure what's before place. There's also a number of traffic lights around four, at least four traffic lights that we see illuminated as well as one traffic sign that says 50 on it. All of the traffic lights are green right now. The background seems to be snowy, it seems to be winter probably. There seems to be some sort of advertisement on the billboard of some logo that I cannot read and in general it seems like pretty harsh weather conditions. There are no cars on the road right now. In terms of the style and color it seems relatively dreary sort of monotone in the sense a lot of gray only punctuate by the redness of the banner."
1nBzInMSBYyL,False,Unknown,,https://voca.ro/1nBzInMSBYyL,https://raw.githubusercontent.com/JustinSQiu/image-captioning-mturk/master/filtered_images/000000032816.jpg," This is an image of a cat watching the television. The cat is in the foreground and is white and we can only see the back of its head and its tail. On the television appears to be a globe with an image of North America. On the left there are shells with four layers that are packed with books and the cat appears to be sitting on a table that has a large empty white wider that is also on top of a white textbook. On the right side there also appears to be more shells with an assortment of books and other items that are unidentifiable. These shells are grayish, beigeish and hue and in front of the cat there appears to be a roll of paper towel."
1lS1jMTICx0h,False,Unknown,,https://voca.ro/1lS1jMTICx0h,https://raw.githubusercontent.com/JustinSQiu/image-captioning-mturk/master/filtered_images/000000093893.jpg," This is a bunch of stuffed teddy bears, seemingly having some sort of picnic or tea party. On the table, there are six teddy bears. On the left side, and it's like a picnic table that they're sitting on, but it looks like a miniature one. On the left side, there are three teddy bears. The first one is like a dark brown color. The second one is whiteish gray and the third one furthest away from the front is a lighter brown color. On the other side, the one closest to the camera is that same lighter brown color. That the middle one is a darker brown color and the far one is a gray color. Or whiteish gray, somewhere to the middle one on the left. There are, there seems to be some sort of mini picnic table with attached benches on both sides. On the, each bear has a plate in front of it. I can't entirely tell what is what they're eating, but there is a plate in front of each of the bears with food. And in the middle, there are three jars, which seem to be some sort of honey or maybe some sort of dip. And on the bottom, there is like a green felt that is underneath this picnic table. And then in the background, it's kind of just like a white wall. And there's a hardwood floor it looks like. And yeah, that's about it."
12fGoRTu2XCy,False,Unknown,,https://voca.ro/12fGoRTu2XCy,https://raw.githubusercontent.com/JustinSQiu/image-captioning-mturk/master/filtered_images/000000017644.jpg,这张图展示的是一个洗手间一个人对着镜子拍出来的照片就图片中有一个洗手台有一个水龙头然后还有弱干个毛巾和一个洗手业还有一个马桶然后还一面镜子镜子里面有一个人拿着水箱机在拍这个镜子这个图片里面没有什么文本文字方位的话主要是这个马桶是在这个洗手台旁边洗手台的上面台上面有一些毛巾和洗手业然后人是站在这个洗手台的正躺着正对面然后站在这个镜子正对面再拍这个镜子还有一些细节是这个人穿的是短袖短褲身上挂着一个包上面应该是放摄像机在保菜拿着摄像机对着镜子拍整体的这个背景就是这样一个无线间的背景这是一个很干净的微线件然后颜色是比较暗的颜色比较暗的色调但是它是反光的可以看出这个无线间打头的比较干净回去或者你清紧他们这么多电视频不知道我
1fX8NUIUxaWX,False,Unknown,,https://voca.ro/1fX8NUIUxaWX,https://raw.githubusercontent.com/JustinSQiu/image-captioning-mturk/master/filtered_images/000000035769.jpg,在涂中我可以看到这里放了一个电脑还有一个显示屏显示屏的上面爬了一只小熊电脑中它的背景是暗色的背景上面插了很多连接的线显示屏上是一个很大的人物背景这个人脑袋非常大是一个黑白色的背景看起来让人觉得有一些恐怖他还留了很大的狐子这个人看起来像欧美人还上面还怕了一只太地熊太地熊是中色的他怕在显示屏的上面好像在看显示屏在看什么东西然后桌子还放了鼠标和水杯最右边还放了一只台灯这里一共有6个物体图中的对话框显示好像是在跟人聊天是一个聊天对话框电脑和显示屏放在了图桌子正中间的位置小熊放到了图片中靠上的位置台灯放到了最右边台灯和电脑的中间是鼠标和水杯最值得注意的就是电脑和显示屏上面亮亮的会吸引人的注意他的背景是在家里是一个暖色调的背景上面是一个白色的墙在灯光的照射下像中色一样下面还有一个物质的桌子让人看起来觉得很温馨
19D5uyVM1jzT,False,Unknown,,https://voca.ro/19D5uyVM1jzT,https://raw.githubusercontent.com/JustinSQiu/image-captioning-mturk/master/filtered_images/000000015915.jpg, This appears to be a picture of an apartment building in the middle ground. In the background it's just a clear blue sky maybe later in the day because it seems to be a deeper blue. The sun is coming from the left side so there are a bunch of shadows cast a scene light onto the left side and creating shadows on the right. The building is just this sort of like kind of reddish brown with gray black roofs and there are a bunch of trees and bushes all around it. In the very foreground is a sign that says commercial vehicles tour buses bands and campus prohibited with a yellow diamond sign underneath it with a squiggly arrow and the number five and on the top there is a truck image with a red circle and a crossing outside.
17j4MwholYH5,True,Unknown,,https://voca.ro/17j4MwholYH5,https://raw.githubusercontent.com/JustinSQiu/image-captioning-mturk/master/filtered_images/000000007090.jpg,《鸿鸿展示》的是在披萨店吃饭的这个食品的照片《鸿鸿有四片披萨》有两片是应该是其中一个人的两片是另外一个人的还有一杯加了冰的可乐和两个餐盘每个餐盘上有一张纸和一个XX还有一个像调味罐一样的东西涂中没有设计文本披萨是放在盘子披萨都放在堆印的铁盘子里然后铁盘子放在红色的餐盘上还有内瓶冰可乐也是放在餐盘上然后只放在餐盘上插字放在纸上细节主要是刚刚收了这些然后可能还有一个调味平方的边缘然后背景主要是餐桌的背景身体风格就是餐厅的风格身体塑料是红色因为餐盘占了主要的背景
1hLnFOcwMSyC,False,Unknown,,https://voca.ro/1hLnFOcwMSyC,https://raw.githubusercontent.com/JustinSQiu/image-captioning-mturk/master/filtered_images/000000083149.jpg," This image is a picture of a kitchen. There is currently at least one cook and two people who appear to be waiters. The cook is wearing a white shirt and seems to be either cleaning or cooking or doing some other sort of task. We're looking facing away from the camera and looking towards whatever task the what appears to be a man is doing. The kitchen itself is mainly made out of metal, probably steel. It's very reflective of all the lights. So the photo contains a lot of reflections of the yellow lights around it. There appears to be a number of stoves and ovens as well as an array of kitchenware such as glasses, multiple trays of glasses in the background. The two waiters appear to be wearing casual clothing and talking to each other while the chef is on the right hand side of the screen and doing something separate. In the foreground there appears to be a pan as well as some kind of dome which could be a pot that's flipped over among other things."
1gWIiBsmyzTb,False,Unknown,,https://voca.ro/1gWIiBsmyzTb,https://raw.githubusercontent.com/JustinSQiu/image-captioning-mturk/master/filtered_images/000000045655.jpg," The image of the mirror of a truck, a large truck, in a mirror, it's a blurry image of someone taking a picture. And in the background, there are two cars. One is black and one is gray with red lights. In the background, there are a bunch of blurry looking buildings with one street lamp. And the buildings are very colorful. The truck in the foreground is beige colored. There's no text. And the sky appears to be very cloudy and dark, so it might have been rainy. The background is very colorful and you can see two red lights."
18KwWYSR4DeX,False,Unknown,,https://voca.ro/18KwWYSR4DeX,https://raw.githubusercontent.com/JustinSQiu/image-captioning-mturk/master/filtered_images/000000060515.jpg,这张图地盐看上去是一个人的家里的书房或者是卧室这里面摆放着一个衣柜或者是书柜样的东西然后还有一些柜子上面摆这个老师的电视机和一些杂物用品比如说杯子或者一些盒子之类的然后底下还有一些花盆还有这个爱的沙发上面摆了一些暴纸或者是那种杯子样的东西还有一些比带然后有一个人把腿敲在这个爱的沙发上文本没有设计到方位主要是这些物品摆在沙发上然后人的腿摆在沙发上还有柜子上面有一些杂物以及柜子旁边有一些花盆一些植物世界主要是各种杂物摆放的位置没有特别的世界整体背景就是家具的背景整体风格这个光线比较的暗然后颜色主要是深色主要是黑色
1dGPIBuJJxC7,True,Unknown,Arsenal FC as well as potentially (British) Labour Party iconography,https://voca.ro/1dGPIBuJJxC7,https://raw.githubusercontent.com/JustinSQiu/image-captioning-mturk/master/filtered_images/000000095812.jpg," In this picture we have an old man signing using a red pen, a soccer ball for a young child. The young child is holding a blue and yellow soccer ball, which is being signed by the old man using a red pen. The old man has some sort of red's pin or sticker indicating that they're either maybe a politician or a former soccer player. Or otherwise some sort of celebrity. The old man is standing besides two or three people besides the child getting a signature. Two of them are young men or at least men. And they're wearing relatively formal attire suit of wool for a coat or month. One of the men is also holding a baby. The baby has a blue beanie on which is labeled with arsenal of the football club, as well as a jersey that is also for Arsenal FC. The background has an iron or some sort of iron rod fence behind which is a street with several cars. The resolution looks relatively crisp. You can clearly identify each of the people and the lighting seems fairly neutral. One of the men is holding a book or some sort of pamphlet. And it potentially says labor on it as well, which could further signify that this is some sort of British political activity."
14o1LXU5hGER,False,Unknown,,https://voca.ro/14o1LXU5hGER,https://raw.githubusercontent.com/JustinSQiu/image-captioning-mturk/master/filtered_images/000000052628.jpg," This appears to be a banana storage or banana work. Most of the picture contains a lot of unripe, very green looking bananas. And there are two men. One is dressed in an orange shirt with gray pants that go down to his calves and his face is not visible. The second man is an older man with a white beard of blue vantana, a white white speeder wearing a gray watch and some black pants. In the background there are a bunch of people in the shadows. On the top there are some white pieces of cloth that are acting as a roof. And there are a couple of clothes hanging from some clothes lines that are drying. The clothes are blue and red."
1nhlLLdI07UI,False,Unknown,,https://voca.ro/1nhlLLdI07UI,https://raw.githubusercontent.com/JustinSQiu/image-captioning-mturk/master/filtered_images/000000079754.jpg," At first glance this appears to be a middle aged woman in her kitchen preparing a meal or some snacks actually. The snack plate contains some like chocolate chip cookies and maybe some fruit on the cabinets that are white. There is like a sink with some chlorox. There are a couple cups like maybe four cups. There is a sub dispenser, some chlorox wipes and dish detergent. In this sink there appear to be some cutting boards, some pots and pans. And on the left there is a blue container. The woman is wearing glasses. She has short brown hair. She's wearing a blue vest and a white alongside shirt. And there are two coffee makers, one that is black and one that is white behind her and something that appears to be bread."
14nFoVk2VJRO,False,Unknown,,https://voca.ro/14nFoVk2VJRO,https://raw.githubusercontent.com/JustinSQiu/image-captioning-mturk/master/filtered_images/000000052299.jpg, pictured here are several food trucks or food vendors in a mobile capacity there are two food vendors the one that is further away looks like looks like a food truck that has an awning and seems to be a converted truck of a beige color there's some looks like it says a vandal wheel or steak or just a bunch of different Indian food words and then the sign at the top says either see you and then the rest is cut off and then get out of and then the rest is cut off and then there's someone ordering from that truck there's also the newer taco truck which seems to be a converted van or something to that effect it says Takarrow Fusion and it says Texan with a lot of twist and then it says Chicago's original taco truck its phone number as well as Takarrow Fusion dot com there are a number of people who are either ordering or looking at the menu which is displayed inside one of the windows the van is white but has a lot of green and great details there is someone sitting in one of the windows taking the customers orders as well
1e0qJqX12YtQ,False,Unknown,,https://voca.ro/1e0qJqX12YtQ,https://raw.githubusercontent.com/JustinSQiu/image-captioning-mturk/master/filtered_images/000000090782.jpg," This is an image of a fridge with both doors open. On the left there are four shelves and on the very bottom shelf is a bunch of cans of beer and energy drinks like red bull and a bottle of beer. On the second bottom shelf there are five cartons of milk. On the third shelf there's some ketchup and some brightly colored boxes and on the very top shelf there is a bag of bread. On the right shelf are just more bottles, drinks and assortments of milk, beer and other drinks. There are also three white chairs on the right of the fridge and there is a wood panel floor with a white background."
1cq8aMcw9Zhd,False,Unknown,,https://voca.ro/1cq8aMcw9Zhd,https://raw.githubusercontent.com/JustinSQiu/image-captioning-mturk/master/filtered_images/000000016009.jpg,这张图地眼看上去是各种一物像衣服帽子 踢序还有西装领袋 鞋子物品就是包括一些男士的西装领袋另一些鞋子 鞋子 踢序 帽子是这些东西衣服有四 西装有四件踢序有三件 领袋有十一条还有一个领袭 有两双鞋子一双高的鞋子和一顶帽子没有显示了一些文本文本上面是一些英文词但是显示的不是很清楚方位在图片的镇下方说是一些西服上方是帽子和踢序图片的右侧展示的是领袋和领袭然后最下方展示是鞋子谢谢谢谢主要是这个它的里面的衣服都是不同的颜色领袭它十一条领袭不同的颜色 不同的风格整体的背景没有什么背景白色的背景 主要是用于展示称托这些衣服整体的风格就是对于这种衣服广告推敲的风格
1gfpI3whoPTs,False,Unknown,,https://voca.ro/1gfpI3whoPTs,https://raw.githubusercontent.com/JustinSQiu/image-captioning-mturk/master/filtered_images/000000026662.jpg,圖片展示是一个冰箱里面打开的照片这个冰箱里面摆了各种食物比如说这个第一层右侧右侧这一面的第一层摆了很多牛奶 酸奶之类的东西然后第二层摆了一些油盐酱素一些调味品第三层摆了一个冷冻的鱼左侧这一面冰箱的底下第一层摆了一些水果第二层摆了一些冰激零的东西第三层摆了一些蔬菜这四层最上面一层摆了一些油或者说是调料 平平观望的东西整体的风格就是一个正常的家里面冰箱的风格冰箱是有两面 两侧都有摆的东西冰箱的主色料是白色的
13iW8bDujC5m,Chinese,False,,https://voca.ro/13iW8bDujC5m,https://raw.githubusercontent.com/JustinSQiu/image-captioning-mturk/master/filtered_images/000000093424.jpg,是張圖拍攝的是一個年輕的女孩在一個有一定彎持度的這個地面上練習滑板的清晶圖中女孩穿的比較的少是穿了一個掉帶的短袖以及一個比較短的裙色然後她穿著黑色的鞋子在那個黑色的滑板上在練習這個滑板然後這個場地上有兩隻馬確停在這個地面上然後可以看出這個畫面後方有一些椰子樹和一些其他的遊客這個是一個海邊的清晶旁邊應該是沙灘然後在後方是大海應該是一個非常細分非常好的一個旅遊清晶然後這個小女孩在這邊玩她的滑板所以整體上這個氛圍是一個歡快活潑的這樣一個氛圍
14eL0A0Bz7rI,Chinese,False,,https://voca.ro/14eL0A0Bz7rI,https://raw.githubusercontent.com/JustinSQiu/image-captioning-mturk/master/filtered_images/000000068335.jpg,"圖片展示的是兩個男人在雪地上滑雪的場景圖片中有兩個男人左邊的男人穿的是黑色的女人服和黑色的褲子帶著一個灰色的帽子右邊的男人穿的是黑色的上一盒黃色的褲子帶著一丁棕色的帽子他們正在滑板上滑雪然後手上拿著雪球他們的雪地的旁邊還有一些防污和建築可以看出這些防污並不高,但是非常的華麗在鏡頭的後方背景裡面可以看出有很多的松樹松樹上面已經有很多的積雪可以看出剛剛下過的大雪然後其中有一個世界就是它還有一個小的挺,很小的挺字下面好像做了一個中年婦女或者說是老奶奶做在這個挺字旁邊,可能是一個暴停或者電話停整體的風格就是那種冬天的風格主色調是白色"
12Vyi0Wf8KFk,Chinese,False,,https://voca.ro/12Vyi0Wf8KFk,https://raw.githubusercontent.com/JustinSQiu/image-captioning-mturk/master/filtered_images/000000057071.jpg,这张图展示的是路边的一个红色的小黄双主要是小黄双然后上面应该还付了一个纸支盘对于这个小黄双的纸支盘这个小黄双是在立在绿色的草屏上草屏旁边路面上刷了一些黄色的漆然后在前面就是大马路然后在前面应该是一片停车场里面停了好多车子停车场旁边应该是一栋楼是一个house这个小黄双旁边应该有科术在图片里面只能看到树干但它应该是一树树主要就是这些然后图片中没有文本文字然后细节的话这个树这个马路上应该还有一个就是下水道出口也显示在图片里还有些班马线背景就是正常的应该是城市里面的街道的背景主体的色调就是绿色因为它主要是显示在图片中的主要是草地
15VuugGgjWjp,Chinese,False,,https://voca.ro/15VuugGgjWjp,https://raw.githubusercontent.com/JustinSQiu/image-captioning-mturk/master/filtered_images/000000014306.jpg,这张图片拍摄的是一个书桌或者是办公桌的场景这个书桌上有一个台灯这个台灯是往下照的这个灯光并不是很亮然后台灯旁边有一个包包上面挂着一个小的挂件一个小熊的挂件然后桌子上是有两个电脑一个笔记本电脑一个台式电脑笔记本电脑上面的锁平显示这是一个狗的图片台式电脑上面的锁平是这个营丰的一个花的照片然后这个台式电脑应该配备了一个无线的属标和键盘这个书桌后方有两个镜子然后整个这个房间上面还有两个大的方形的照明的灯整体的这个风格应该是晚上再加开灯的那种亮度一种风格所以一种加坚的风格一种温馨的风格
19qzJjjfXh2I,Chinese,False,,https://voca.ro/19qzJjjfXh2I,https://raw.githubusercontent.com/JustinSQiu/image-captioning-mturk/master/filtered_images/000000078075.jpg,这张图展示的是帮完马路上的情景图片中有一个车子车子上方有一个红绿灯左边又边两红绿灯左边显示是红灯右边显示是黄灯然后前方还有一个铁塔形状的建筑在车子的马路右侧它有一个房屋上面显示了用英文显示了驴管的字这应该是一个路边的驴管这个天空非常地暗没有看起来是帮完的样子帮完六七点钟的样子没有什么其他特别的细节然后整体的背景就是比较阴暗然后整体的色调主要是深藍色帮完的那种深藍色
1nQXeQrTdk00,Chinese,False,,https://voca.ro/1nQXeQrTdk00,https://raw.githubusercontent.com/JustinSQiu/image-captioning-mturk/master/filtered_images/000000087217.jpg,这个照片拍摄的是一个家里面厨房的场景比较扣进镜头的是一个洗手石它之前是一部分然后镜头的扣远处是一个柜子然后柜子旁边有个凿台旁边还是柜子然后再到里面有一个白色的冰箱房间的上房也有一些挂的厨櫃上面应该摆里面应该摆一些餐具或者厨房用紙之类的然后一般是方形的有一些方形的专头也是白色的然后强壁也是白色的所以这个这样图整体风格就是一个白色的价值除了这个桌面它是黑色的这刚出整体的风格就是一个芝加的简约的风格就可以看出是一个比如说像那种公寓或者说是一种别墅里面这个家里的这样一个布置可以看出家里还是非常干净非常整解的一个加剧场景
1be5MjttQP9S,Chinese,False,,https://voca.ro/1be5MjttQP9S,https://raw.githubusercontent.com/JustinSQiu/image-captioning-mturk/master/filtered_images/000000059816.jpg,这是一张客厅里的照片土中正对着镜头的有一个柜子柜子上面有一个黑色的电视电视上里面现在播放着一些高清的内容然后电视的正常方有一个中它是一个比较是做上比较滑的比较精卫的一个中然后旁边有两扇窗户电视的两边有两个沙发左边的沙发是灰色的这个沙发上面有一个黑白枪件的镇头右边的沙发是绿色的上面也有一个黑白枪件的镇头两个沙发中间有一个茶几茶几上面摆了一盆绿石然后这个电视柜旁边还有一个木头的框子可能是垃圾桶或者是摆其他一些生活用品的框子然后沙发这个地场是铺了地毯它没有红色的图案身体就是一个简约的这个家之风格
11mzQYMdPq03,Chinese,False,,https://voca.ro/11mzQYMdPq03,https://raw.githubusercontent.com/JustinSQiu/image-captioning-mturk/master/filtered_images/000000027476.jpg,这张图片拍摄的是一个街头的一个女人的特写图中的女人正在拿着手机打电话这个女人他是黄色的头发带着墨镜穿着粉色格子替续短袖的并且穿着一个黑色短裤他的皮肤表了黑可以看出并且他挂着一个跨包他脚上穿的是白色的鞋子然后他的身后有两辆汽车比较扣进镜头的是一个白色汽车然后比较远的是一个扣进镜头的是黑色汽车比较远的是白色汽车然后他的身后应该有一栋高楼可能是那种鞋子楼或者是商场通过现场的光线可以看出应该是百天拍摄的照片整体风格是一种比较时尚比较昭秀彭博的一个风格
19tco1RF171u,Chinese,False,,https://voca.ro/19tco1RF171u,https://raw.githubusercontent.com/JustinSQiu/image-captioning-mturk/master/filtered_images/000000066822.jpg,这样图拍摄了11个房间客厅的室内的场景图中有三个沙发比较靠近一头是一个大沙发然后远处 进口远处的有两个小沙发沙发左边这个小沙发上面有一个镇头然后房间里面还有一个很小的电视机像一个老师的电视机然后旁边桌子上还有一个台灯开着的台灯然后两个小沙发中间也摆了一个桌子桌子上面摆了一个一盆花一盆植物墙壁上贴了三幅画中间一幅比较大的两边的话比较小然后还可以看到有白色的窗簾在身对面然后这个屋子房间的少房有起个非常亮的灯灯光是白色的然后地上还有地毯整体的风格就是一个室内的一个家具的风格
19RVAiwe8R36,Chinese,True,,https://voca.ro/19RVAiwe8R36,https://raw.githubusercontent.com/JustinSQiu/image-captioning-mturk/master/filtered_images/000000078820.jpg,这张图展示的是一个在做披萨的场景图中有一个披萨的半成品放在珍锅厂正在珍这个披萨还没有完成做好也还是一个出一个半成品的状态上面有一些放了一些奶酪放了一些培根 放了一些青椒 放了一些模糊这个披萨正在锅厂珍没有什么其他的细节 没有什么其他的文字反正方位就是底下是一个珍锅上面是一个披萨 披萨上面摆了一些披萨的作料比如说培根肉片 一些奶酪 洋葱之类的东西整体的背景也没有特别的背景就是一个锅 一个珍锅也没有什么特别的风格 就是做太风格
1aUDc1nKryh1,Chinese,False,,https://voca.ro/1aUDc1nKryh1,https://raw.githubusercontent.com/JustinSQiu/image-captioning-mturk/master/filtered_images/000000091374.jpg,这张图展示的是一个在家里客厅排的一个照片图中有一个茶匹茶匹上面摆这本书和一个杯子茶匹旁边有两个沙发其中一个沙发是一部分被进口挡住了可以看出这些沙发上面都有一个就是腰垫扣的这种整头应该是用来垫腰的然后后进头扣后方还有一个像餐桌还是学习桌子的东西然后这个桌子周围摆了四个椅子可以做四个人然后还 进头里面还有一个櫃子櫃子里面也可以摆一些东西然后墙壁上还挂了一些画和照片还有一些花瓶还有台灯然后地上这个茶匹下面还铺了一个方的地毯整体的风格就是比较加坚的这个风格非常的温馨非常的简约整体的色调是那种木質的木头的色调暖黄的色调
12qL3kEo4vCU,Chinese,False,,https://voca.ro/12qL3kEo4vCU,https://raw.githubusercontent.com/JustinSQiu/image-captioning-mturk/master/filtered_images/000000053892.jpg,这是一盒红贝高点的图片图片中有五个高点有五个一样的高点每一个高点它上面都挤了一些白色的酱酱的形状也是一样的是一个钩的符号然后这些高点是空心的中间是打一个孔这些红贝高点被放在一个纸用黄色纸包了一个带子里面整体的风格然后这个里面有一些高点它们应该撒了一些那种不同颜色的糖来浅在上面看起来是一个高点点用于宣传的一个作品或者说是某个人在吃这个下午茶的时候记录生活的一个摄影作品整体风格就是一种比较轻松的种很清甜的一个风格主色调是这个贺色也就是这个高点和这个包软纸的颜色
11rJuMxflx25,Chinese,False,,https://voca.ro/11rJuMxflx25,https://raw.githubusercontent.com/JustinSQiu/image-captioning-mturk/master/filtered_images/000000028675.jpg,这张图拍摄的是一个晚上大街上的场景图中可以看到马路然后马路上面有一些汽车然后一面来的是一个摩托车摩托车上面做两个人并且打了双跳旁边的汽车也打了双跳然后车和摩托车的上方有红驴灯 木田红驴灯显示都是红色然后还有一些路灯一些发出黄色灯光的路灯然后路边还有一些防污比较高的防污可能是一些商场或者说一些便利店然后马路上面刷了一些黄色的或者是白色的这些游戏一些挑文可以看出现在的天是非常的暗的是深深的色所以整理着这个风格是一个比较暗淡的晚上的夜晚的一个风格的景色
13ni1BkYhuuT,Chinese,False,,https://voca.ro/13ni1BkYhuuT,https://raw.githubusercontent.com/JustinSQiu/image-captioning-mturk/master/filtered_images/000000057088.jpg,这应该是在某个停车厂拍的照片图中很明显的显示了三辆大巴车三辆很大的大巴车这三辆大巴车都有两层可以做两层的人大巴车的里面还有一个比较不齐眼的一个小较车这三辆大巴车和小较车都是红色的这些车旁边有些光渡图的树看起来应该是深秋或者冬天的这样一个季节车的上方是蓝天和白云看起来是那天的天气是比较轻朗的一个大白天我车子就停在这个正常的水泥地上所以说这应该是个停车厂还有一个细节是最右边的车还标注了残忌人和运付之类的就是弱势群体的专门的座位然后它还标注了Nolsen北方的资料可能是代表它开网的一个方向整体风格就是比较自然的风格
1fO3aqCXVg6b,Chinese,False,,https://voca.ro/1fO3aqCXVg6b,https://raw.githubusercontent.com/JustinSQiu/image-captioning-mturk/master/filtered_images/000000003259.jpg,圖片拍摄的是书房书桌的一个场景圖片靠近的 靠近拍摄镜头的一个书桌上面有两个电脑一个台式电脑 一个笔记本电脑笔记本电脑上面显示一些东西但是从这个镜头的角度看得并不是很清楚台式电脑上面应该显示了一些几个人骑自银车的画面电脑下面贴了一些变迁应该显示是一些每天的清单式想等等然后下面电脑旁边还有一些纸应该是曹高纸或者说是寄东西的纸然后电脑的左侧还放了一个台式的电话然后电话左侧的墙壁上还挂着日益然后可以看出这个桌子的前方还有另外一个书桌那个书桌上摆了一些卫生纸和一些书记还有水杯之类的东西然后这个书桌底下还摆了一个垫着水壶然后地上还有一些就是切的垫线这些东西整体的风格就是一个支架或者说是办公室的一个风格是内风然后这些就是一个一个风格是内风的一个风格是内风的一个风格是内风的一个风格是内风的一个风格是内风的一个风格是内风的一个风格是内风的一个风格是内风的一个风格是内风的一个风格是内风的一个风格是内风的一个风格是内风的一个风格是内风的一个风格是内风的一个风格是内风的一个风格是内风的一个风格是内风的一个风格是内风的一个风格是内风的一个风格是内风的一个风格是内风的一个风格是内风的一个风格是内风的一个风格是内风的一个风格是内风的一个风格是内风的一个风格是内风的一个风格是内风的一个风格是内风的一个风格是内风的一个风格是内风
1e7MOebYermP,Chinese,True,,https://voca.ro/1e7MOebYermP,https://raw.githubusercontent.com/JustinSQiu/image-captioning-mturk/master/filtered_images/000000067422.jpg,张涛展示是某种球类比赛的场景可以看出这里有三个人在3到4个人在比赛其中应该有一个是采判其中两个人是一个对的另外两个人是另一个对的因为他们两个人穿的是黑色的运动服然后另外两个穿的是白色运动服其中一个人背对着镜头他的运动服装显示他是戏号然后他们的方位主要是就是三个人站在运动场上站在绿色的运动场上然后运动场后台有一些做着很多的观众护中并没有一些特别的文字信息主要的风格就是运动风格主要整体的色料是绿色
13pTiAEGLu70,Chinese,False,,https://voca.ro/13pTiAEGLu70,https://raw.githubusercontent.com/JustinSQiu/image-captioning-mturk/master/filtered_images/000000012786.jpg,这个图片拍的是握式里面的场景图片里面有两块枕头一个白色的枕头和一个蓝色的枕头然后枕头旁边是床上有一些辈子这个辈子是图片看起来比较领算并没有完整的枕头的折过然后镜头的对面是可以看出这个房子这个握式拉上了窗帘能隐约地看出外面的样子但是并不能看得非常清楚外面透着一些微弱的光但整体的光线比较的暗淡这张图片的风格就是一个植家的风格它们光线可以看出这个时候应该是白天但是光线并不是很强因为拉了脸整体就是一个比较温馨、吃家、暗淡的风格
1iJ7AeDkwjJd,Chinese,False,,https://voca.ro/1iJ7AeDkwjJd,https://raw.githubusercontent.com/JustinSQiu/image-captioning-mturk/master/filtered_images/000000063036.jpg,这张图展现是一个年轻的小伙子在玩华版的照片这个照片里这个年轻的男人他穿着黑色梯续牛仔褲以及红色运动鞋正在一个华版上这个华版上应该是个石子的地华版应该是在一个石子的地上画的然后图片的后方还有一个长裔长裔的后面应该是一个院子里面的一些树这个图片没有这个特别的细节也没有文字的信息图片整体应该是在一个挺院里或者说某个娱乐的长走这个公园里面拍的整体的风格是比较轻松愉快比较活潑的风格整体的色调主要是纵色白色绿色这些色调一些户外的色调
10G4Ck5f9LyQ,Chinese,False,,https://voca.ro/10G4Ck5f9LyQ,https://raw.githubusercontent.com/JustinSQiu/image-captioning-mturk/master/filtered_images/000000091875.jpg,这应该是在某个动物园或者说是野外排了一张照片照片中主要的物品是两个班马然后这两个班马的后方应该有一颗树干有一颗比较粗的树然后班马的前方就是靠近镜头的这一方有一个倒下来的树干可以看出可能是刚刚经历了什么不好的天气把这个树干给吹到了然后班马的后侧树干的后侧有一个围栏所以我猜测这可能是一个动物园这两个班马可能是用来展览或者说是就是被围档起来的班马站的地上并没有掺是比较光骨都用那种土地整体的风格就是那种大自然的风格比较接近自然的风格整体的色调是贺色因为地上都是土并没有显示绿色的草所以说这可能是冬天或者说是深秋省继绩排下来照片
1bmAwUAnmx9N,Chinese,True,,https://voca.ro/1bmAwUAnmx9N,https://raw.githubusercontent.com/JustinSQiu/image-captioning-mturk/master/filtered_images/000000067686.jpg,张图拍摄的是去餐馆里面吃饭这个菜的照片嗯 土中比较近距离的拍了其中的一盘菜嗯 白色的盘子摆在桌子上盘子里面摆了三种不同的菜看起来都是面食其中比较扣进镜头的这个像是一个摊的葱油蛋饼然后 扣里面有一个红色的像批杂饼样的东西然后左边有四份四片那种像是巧克力味的面包我的面点盘子旁边还放了几小罐果酱或者说是酱料 蘸料那种还放了一个酒杯酒杯里面看起来并没有放酒或者说放了一些透明的饮料然后还有一个白色的磁的小杯子然后后面 谈色后方应该还有一盘菜但这个磁展示了很小的一部分整体的风格就是剪约的餐厅风格
16Np53QAbQTf,Chinese,False,,https://voca.ro/16Np53QAbQTf,https://raw.githubusercontent.com/JustinSQiu/image-captioning-mturk/master/filtered_images/000000061382.jpg,这张图片里面展示的是一些主要是一些水果蔬菜这个照片应该是在厨房拍的图片里有一把香椒然后有热干个苹果一个黎子还有一些蔬菜一些驴野蔬菜比如说像青菜西兰花的然后在这一箱水果蔬菜后面还有一个箱子一个纸箱子里面摆了一些平平观万的东西看起来应该是啤酒或者说一些饮料图中并没有一些喜姐或者说是文本转了位置就是这些水果是摆在这个箱子外面然后箱子里面后面的纸箱子里面摆应该摆了一些酒水饮料整体的风格就是比较暗的灯光比较暗的一个风格就是像是那种晚上没有开灯在厨房里面拍的照片整体的色调是那种花花绿绿各种蔬菜水果那种色调
1dClfV0r7a6z,Chinese,False,,https://voca.ro/1dClfV0r7a6z,https://raw.githubusercontent.com/JustinSQiu/image-captioning-mturk/master/filtered_images/000000090322.jpg,这张副展示的是一个人去餐厅吃饭的食物的照片图中有两盆菜一盆是一盆里面是进出的一盆里面有两个烤面包然后有一些蔬菜有一些生的蔬菜和一些蘸的酱然后对面的一盆也就是这个人图中这个人面前的这一盆里面也有两个烤面包和一些薯条还有一些肉然后这盆菜旁边有一瓶红酒这个方位来除了这个这两盆菜是放在一个木头桌子上然后酒也是放在桌子上放在菜的旁边然后这些菜都是放在人的面前有一个人真的吃这些菜图中并没有显示什么文本然后也没有特别的细节身体背景是一个比较暗的酒店里面的背景应该是晚上身体的色调没有特别明显的色调主要是吃饭的长钉色调
12rXeU7BUVUX,Chinese,False,,https://voca.ro/12rXeU7BUVUX,https://raw.githubusercontent.com/JustinSQiu/image-captioning-mturk/master/filtered_images/000000072947.jpg,这张图展示的是几个年轻人在户外的草地上玩飞盘的场景图中有三个年轻的男人最左边的是一个穿白色的 t-shirt 短袖 t-shirt 黑色短複 黑色鞋子的男性然后中间的人穿了一个黑色的皮衣 宗色的裤子和黑色鞋子然后还带了一顶压舌帽 压舌帽最右边人穿了一个绿色的上衣和黑色的裤子以及黑色鞋子可以看出最右边的男人他在丢飞盘然后另外两个人在追飞盘他们站在一篇绿色的草地上他们的后方有很多寓与重通的深绿色的树主要是细节主要是这些然后被没有显示文本文字证的细节整体的风格就是非常活潑非常欢快非常大自然的一种风格可以看出当天的天气也非常的轻朗因为草地上都是阳光招摇的影子整体的色调是绿色因为草和树都是绿色的
